Unit,Block,SampleName,HarvestTime,AMFIsolate,ColonizationRegion,Fertilizer,Tillage,Treatment,ConcentrationPeruL,Presence
22,1,CC4-high-fert-2mos-1,2,CC4,Roots,High,NoTill,highfert-notill,0,0
13,10,CC4-high-fert-2mos-10,2,CC4,Roots,High,NoTill,highfert-notill,0,0
27,3,CC4-high-fert-2mos-3,2,CC4,Roots,High,NoTill,highfert-notill,0,0
8,4,CC4-high-fert-2mos-4,2,CC4,Roots,High,NoTill,highfert-notill,0,0
11,3,CC4-high-fert-till-2mos-3,2,CC4,Roots,High,Till,highfert-till,0,0
25,6,CC4-high-fert-till-2mos-6,2,CC4,Roots,High,Till,highfert-till,0,0
7,7,CC4-high-fert-till-2mos-7,2,CC4,Roots,High,Till,highfert-till,0,0
16,8,CC4-high-fert-till-2mos-8,2,CC4,Roots,High,Till,highfert-till,0,0
17,7,CC4-no-fert-2mos-7,2,CC4,Roots,No,NoTill,nofert-notill,0,0
28,9,CC4-no-fert-2mos-9,2,CC4,Roots,No,NoTill,nofert-notill,0,0
6,4,CC4-no-fert-till-2mos-4,2,CC4,Roots,No,Till,nofert-till,0,0
1,8,CC4-no-fert-till-2mos-8,2,CC4,Roots,No,Till,nofert-till,0,0
13,1,Control-high-fert-2mos-1,2,Control,Roots,High,NoTill,highfert-notill,0,0
289,10,Control-high-fert-2mos-10,2,Control,Roots,High,NoTill,highfert-notill,0,0
42,2,Control-high-fert-2mos-2,2,Control,Roots,High,NoTill,highfert-notill,0,0
78,3,Control-high-fert-2mos-3,2,Control,Roots,High,NoTill,highfert-notill,0,0
120,4,Control-high-fert-2mos-4,2,Control,Roots,High,NoTill,highfert-notill,0,0
154,5,Control-high-fert-2mos-5,2,Control,Roots,High,NoTill,highfert-notill,0,0
184,6,Control-high-fert-2mos-6,2,Control,Roots,High,NoTill,highfert-notill,0,0
220,7,Control-high-fert-2mos-7,2,Control,Roots,High,NoTill,highfert-notill,0,0
238,8,Control-high-fert-2mos-8,2,Control,Roots,High,NoTill,highfert-notill,0,0
274,9,Control-high-fert-2mos-9,2,Control,Roots,High,NoTill,highfert-notill,0,0
15,1,Control-high-fert-till-2mos-1,2,Control,Roots,High,Till,highfert-till,0,0
301,10,Control-high-fert-till-2mos-10,2,Control,Roots,High,Till,highfert-till,0,0
34,2,Control-high-fert-till-2mos-2,2,Control,Roots,High,Till,highfert-till,0,0
70,3,Control-high-fert-till-2mos-3,2,Control,Roots,High,Till,highfert-till,0,0
114,4,Control-high-fert-till-2mos-4,2,Control,Roots,High,Till,highfert-till,0,0
160,5,Control-high-fert-till-2mos-5,2,Control,Roots,High,Till,highfert-till,0,0
173,6,Control-high-fert-till-2mos-6,2,Control,Roots,High,Till,highfert-till,0,0
198,7,Control-high-fert-till-2mos-7,2,Control,Roots,High,Till,highfert-till,0,0
251,8,Control-high-fert-till-2mos-8,2,Control,Roots,High,Till,highfert-till,0,0
275,9,Control-high-fert-till-2mos-9,2,Control,Roots,High,Till,highfert-till,0,0
28,1,Control-no-fert-2mos-1,2,Control,Roots,No,NoTill,nofert-notill,0,0
316,10,Control-no-fert-2mos-10,2,Control,Roots,No,NoTill,nofert-notill,0,0
56,2,Control-no-fert-2mos-2,2,Control,Roots,No,NoTill,nofert-notill,0,0
85,3,Control-no-fert-2mos-3,2,Control,Roots,No,NoTill,nofert-notill,0,0
118,4,Control-no-fert-2mos-4,2,Control,Roots,No,NoTill,nofert-notill,0,0
137,5,Control-no-fert-2mos-5,2,Control,Roots,No,NoTill,nofert-notill,0,0
168,6,Control-no-fert-2mos-6,2,Control,Roots,No,NoTill,nofert-notill,0,0
217,7,Control-no-fert-2mos-7,2,Control,Roots,No,NoTill,nofert-notill,0,0
227,8,Control-no-fert-2mos-8,2,Control,Roots,No,NoTill,nofert-notill,0,0
277,9,Control-no-fert-2mos-9,2,Control,Roots,No,NoTill,nofert-notill,0,0
20,1,Control-no-fert-till-2mos-1,2,Control,Roots,No,Till,nofert-till,0,0
291,10,Control-no-fert-till-2mos-10,2,Control,Roots,No,Till,nofert-till,0,0
45,2,Control-no-fert-till-2mos-2,2,Control,Roots,No,Till,nofert-till,0,0
90,3,Control-no-fert-till-2mos-3,2,Control,Roots,No,Till,nofert-till,0,0
97,4,Control-no-fert-till-2mos-4,2,Control,Roots,No,Till,nofert-till,0,0
151,5,Control-no-fert-till-2mos-5,2,Control,Roots,No,Till,nofert-till,0,0
166,6,Control-no-fert-till-2mos-6,2,Control,Roots,No,Till,nofert-till,0,0
211,7,Control-no-fert-till-2mos-7,2,Control,Roots,No,Till,nofert-till,0,0
237,8,Control-no-fert-till-2mos-8,2,Control,Roots,No,Till,nofert-till,0,0
273,9,Control-no-fert-till-2mos-9,2,Control,Roots,No,Till,nofert-till,0,0
171,2,Cuba8-high-fert-2mos-2,2,Cuba8,Roots,High,NoTill,highfert-notill,0,0
184,4,Cuba8-high-fert-2mos-4,2,Cuba8,Roots,High,NoTill,highfert-notill,0,0
180,5,Cuba8-high-fert-2mos-5,2,Cuba8,Roots,High,NoTill,highfert-notill,0,0
161,6,Cuba8-high-fert-2mos-6,2,Cuba8,Roots,High,NoTill,highfert-notill,0,0
177,8,Cuba8-high-fert-2mos-8,2,Cuba8,Roots,High,NoTill,highfert-notill,0,0
183,1,Cuba8-high-fert-till-2mos-1,2,Cuba8,Roots,High,Till,highfert-till,0,0
181,2,Cuba8-high-fert-till-2mos-2,2,Cuba8,Roots,High,Till,highfert-till,0,0
191,4,Cuba8-high-fert-till-2mos-4,2,Cuba8,Roots,High,Till,highfert-till,0,0
170,7,Cuba8-high-fert-till-2mos-7,2,Cuba8,Roots,High,Till,highfert-till,0,0
190,3,Cuba8-no-fert-2mos-3,2,Cuba8,Roots,No,NoTill,nofert-notill,0,0
164,3,Cuba8-no-fert-till-2mos-3,2,Cuba8,Roots,No,Till,nofert-till,0,0
186,8,Cuba8-no-fert-till-2mos-8,2,Cuba8,Roots,No,Till,nofert-till,0,0
166,9,Cuba8-no-fert-till-2mos-9,2,Cuba8,Roots,No,Till,nofert-till,0,0
266,9,DAOM197198-high-fert-2mos-9,2,DAOM197198,Roots,High,NoTill,highfert-notill,0,0
281,10,DAOM197198-high-fert-till-2mos-10,2,DAOM197198,Roots,High,Till,highfert-till,0,0
263,9,DAOM197198-high-fert-till-2mos-9,2,DAOM197198,Roots,High,Till,highfert-till,0,0
257,1,DAOM197198-no-fert-2mos-1,2,DAOM197198,Roots,No,NoTill,nofert-notill,0,0
261,3,DAOM197198-no-fert-2mos-3,2,DAOM197198,Roots,No,NoTill,nofert-notill,0,0
54,1,CC4-high-fert-4mos-1,4,CC4,Roots,High,NoTill,highfert-notill,0,0
72,5,CC4-high-fert-4mos-5,4,CC4,Roots,High,NoTill,highfert-notill,0,0
39,8,CC4-high-fert-4mos-8,4,CC4,Roots,High,NoTill,highfert-notill,0,0
67,1,CC4-high-fert-till-4mos-1,4,CC4,Roots,High,Till,highfert-till,0,0
61,2,CC4-high-fert-till-4mos-2,4,CC4,Roots,High,Till,highfert-till,0,0
51,5,CC4-high-fert-till-4mos-5,4,CC4,Roots,High,Till,highfert-till,0,0
55,9,CC4-high-fert-till-4mos-9,4,CC4,Roots,High,Till,highfert-till,0,0
53,7,CC4-no-fert-4mos-7,4,CC4,Roots,No,NoTill,nofert-notill,0,0
56,9,CC4-no-fert-4mos-9,4,CC4,Roots,No,NoTill,nofert-notill,0,0
59,3,CC4-no-fert-till-4mos-3,4,CC4,Roots,No,Till,nofert-till,0,0
57,4,CC4-no-fert-till-4mos-4,4,CC4,Roots,No,Till,nofert-till,0,0
30,1,Control-high-fert-2mos-1,4,Control,Roots,High,NoTill,highfert-notill,0,0
298,10,Control-high-fert-2mos-10,4,Control,Roots,High,NoTill,highfert-notill,0,0
33,2,Control-high-fert-2mos-2,4,Control,Roots,High,NoTill,highfert-notill,0,0
84,3,Control-high-fert-2mos-3,4,Control,Roots,High,NoTill,highfert-notill,0,0
125,4,Control-high-fert-2mos-4,4,Control,Roots,High,NoTill,highfert-notill,0,0
143,5,Control-high-fert-2mos-5,4,Control,Roots,High,NoTill,highfert-notill,0,0
176,6,Control-high-fert-2mos-6,4,Control,Roots,High,NoTill,highfert-notill,0,0
213,7,Control-high-fert-2mos-7,4,Control,Roots,High,NoTill,highfert-notill,0,0
241,8,Control-high-fert-2mos-8,4,Control,Roots,High,NoTill,highfert-notill,0,0
282,9,Control-high-fert-2mos-9,4,Control,Roots,High,NoTill,highfert-notill,0,0
25,1,Control-high-fert-till-4mos-1,4,Control,Roots,High,Till,highfert-till,0,0
303,10,Control-high-fert-till-4mos-10,4,Control,Roots,High,Till,highfert-till,0,0
55,2,Control-high-fert-till-4mos-2,4,Control,Roots,High,Till,highfert-till,0,0
95,3,Control-high-fert-till-4mos-3,4,Control,Roots,High,Till,highfert-till,0,0
128,4,Control-high-fert-till-4mos-4,4,Control,Roots,High,Till,highfert-till,0,0
152,5,Control-high-fert-till-4mos-5,4,Control,Roots,High,Till,highfert-till,0,0
170,6,Control-high-fert-till-4mos-6,4,Control,Roots,High,Till,highfert-till,0,0
201,7,Control-high-fert-till-4mos-7,4,Control,Roots,High,Till,highfert-till,0,0
239,8,Control-high-fert-till-4mos-8,4,Control,Roots,High,Till,highfert-till,0,0
259,9,Control-high-fert-till-4mos-9,4,Control,Roots,High,Till,highfert-till,0,0
17,1,Control-no-fert-4mos-1,4,Control,Roots,No,NoTill,nofert-notill,0,0
296,10,Control-no-fert-4mos-10,4,Control,Roots,No,NoTill,nofert-notill,0,0
52,2,Control-no-fert-4mos-2,4,Control,Roots,No,NoTill,nofert-notill,0,0
74,3,Control-no-fert-4mos-3,4,Control,Roots,No,NoTill,nofert-notill,0,0
98,4,Control-no-fert-4mos-4,4,Control,Roots,No,NoTill,nofert-notill,0,0
130,5,Control-no-fert-4mos-5,4,Control,Roots,No,NoTill,nofert-notill,0,0
175,6,Control-no-fert-4mos-6,4,Control,Roots,No,NoTill,nofert-notill,0,0
214,7,Control-no-fert-4mos-7,4,Control,Roots,No,NoTill,nofert-notill,0,0
233,8,Control-no-fert-4mos-8,4,Control,Roots,No,NoTill,nofert-notill,0,0
270,9,Control-no-fert-4mos-9,4,Control,Roots,No,NoTill,nofert-notill,0,0
23,1,Control-no-fert-till-4mos-1,4,Control,Roots,No,Till,nofert-till,0,0
313,10,Control-no-fert-till-4mos-10,4,Control,Roots,No,Till,nofert-till,0,0
57,2,Control-no-fert-till-4mos-2,4,Control,Roots,No,Till,nofert-till,0,0
71,3,Control-no-fert-till-4mos-3,4,Control,Roots,No,Till,nofert-till,0,0
117,4,Control-no-fert-till-4mos-4,4,Control,Roots,No,Till,nofert-till,0,0
139,5,Control-no-fert-till-4mos-5,4,Control,Roots,No,Till,nofert-till,0,0
164,6,Control-no-fert-till-4mos-6,4,Control,Roots,No,Till,nofert-till,0,0
223,7,Control-no-fert-till-4mos-7,4,Control,Roots,No,Till,nofert-till,0,0
226,8,Control-no-fert-till-4mos-8,4,Control,Roots,No,Till,nofert-till,0,0
276,9,Control-no-fert-till-4mos-9,4,Control,Roots,No,Till,nofert-till,0,0
218,10,Cuba8-high-fert-4mos-10,4,Cuba8,Roots,High,NoTill,highfert-notill,0,0
220,5,Cuba8-high-fert-4mos-5,4,Cuba8,Roots,High,NoTill,highfert-notill,0,0
215,1,Cuba8-high-fert-till-4mos-1,4,Cuba8,Roots,High,Till,highfert-till,0,0
212,3,Cuba8-high-fert-till-4mos-3,4,Cuba8,Roots,High,Till,highfert-till,0,0
230,4,Cuba8-high-fert-till-4mos-4,4,Cuba8,Roots,High,Till,highfert-till,0,0
204,7,Cuba8-high-fert-till-4mos-7,4,Cuba8,Roots,High,Till,highfert-till,0,0
216,8,Cuba8-high-fert-till-4mos-8,4,Cuba8,Roots,High,Till,highfert-till,0,0
208,2,Cuba8-no-fert-4mos-2,4,Cuba8,Roots,No,NoTill,nofert-notill,0,0
214,3,Cuba8-no-fert-4mos-3,4,Cuba8,Roots,No,NoTill,nofert-notill,0,0
221,4,Cuba8-no-fert-4mos-4,4,Cuba8,Roots,No,NoTill,nofert-notill,0,0
217,5,Cuba8-no-fert-4mos-5,4,Cuba8,Roots,No,NoTill,nofert-notill,0,0
209,3,Cuba8-no-fert-till-4mos-3,4,Cuba8,Roots,No,Till,nofert-till,0,0
223,4,Cuba8-no-fert-till-4mos-4,4,Cuba8,Roots,No,Till,nofert-till,0,0
224,9,Cuba8-no-fert-till-4mos-9,4,Cuba8,Roots,No,Till,nofert-till,0,0
299,1,DAOM197198-high-fert-till-4mos-1,4,DAOM197198,Roots,High,Till,highfert-till,0,0
288,6,DAOM197198-high-fert-till-4mos-6,4,DAOM197198,Roots,High,Till,highfert-till,0,0
302,8,DAOM197198-high-fert-till-4mos-8,4,DAOM197198,Roots,High,Till,highfert-till,0,0
304,8,DAOM197198-no-fert-4mos-8,4,DAOM197198,Roots,No,NoTill,nofert-notill,0,0
292,5,DAOM197198-no-fert-till-4mos-5,4,DAOM197198,Roots,No,Till,nofert-till,0,0
22,1,CC4-high-fert-2mos-1,2,CC4,Soil,High,NoTill,highfert-notill,0,0
13,10,CC4-high-fert-2mos-10,2,CC4,Soil,High,NoTill,highfert-notill,0,0
27,3,CC4-high-fert-2mos-3,2,CC4,Soil,High,NoTill,highfert-notill,0,0
8,4,CC4-high-fert-2mos-4,2,CC4,Soil,High,NoTill,highfert-notill,0,0
19,7,CC4-high-fert-2mos-7,2,CC4,Soil,High,NoTill,highfert-notill,0,0
10,10,CC4-high-fert-till-2mos-10,2,CC4,Soil,High,Till,highfert-till,0,0
15,2,CC4-high-fert-till-2mos-2,2,CC4,Soil,High,Till,highfert-till,0,0
11,3,CC4-high-fert-till-2mos-3,2,CC4,Soil,High,Till,highfert-till,0,0
21,4,CC4-high-fert-till-2mos-4,2,CC4,Soil,High,Till,highfert-till,0,0
25,6,CC4-high-fert-till-2mos-6,2,CC4,Soil,High,Till,highfert-till,0,0
7,7,CC4-high-fert-till-2mos-7,2,CC4,Soil,High,Till,highfert-till,0,0
16,8,CC4-high-fert-till-2mos-8,2,CC4,Soil,High,Till,highfert-till,0,0
18,5,CC4-no-fert-2mos-5,2,CC4,Soil,No,NoTill,nofert-notill,0,0
17,7,CC4-no-fert-2mos-7,2,CC4,Soil,No,NoTill,nofert-notill,0,0
28,9,CC4-no-fert-2mos-9,2,CC4,Soil,No,NoTill,nofert-notill,0,0
29,10,CC4-no-fert-till-2mos-10,2,CC4,Soil,No,Till,nofert-till,0,0
14,3,CC4-no-fert-till-2mos-3,2,CC4,Soil,No,Till,nofert-till,0,0
6,4,CC4-no-fert-till-2mos-4,2,CC4,Soil,No,Till,nofert-till,0,0
1,8,CC4-no-fert-till-2mos-8,2,CC4,Soil,No,Till,nofert-till,0,0
20,9,CC4-no-fert-till-2mos-9,2,CC4,Soil,No,Till,nofert-till,0,0
13,1,Control-high-fert-2mos-1,2,Control,Soil,High,NoTill,highfert-notill,0,0
289,10,Control-high-fert-2mos-10,2,Control,Soil,High,NoTill,highfert-notill,0,0
42,2,Control-high-fert-2mos-2,2,Control,Soil,High,NoTill,highfert-notill,0,0
78,3,Control-high-fert-2mos-3,2,Control,Soil,High,NoTill,highfert-notill,0,0
120,4,Control-high-fert-2mos-4,2,Control,Soil,High,NoTill,highfert-notill,0,0
154,5,Control-high-fert-2mos-5,2,Control,Soil,High,NoTill,highfert-notill,0,0
184,6,Control-high-fert-2mos-6,2,Control,Soil,High,NoTill,highfert-notill,0,0
220,7,Control-high-fert-2mos-7,2,Control,Soil,High,NoTill,highfert-notill,0,0
238,8,Control-high-fert-2mos-8,2,Control,Soil,High,NoTill,highfert-notill,0,0
274,9,Control-high-fert-2mos-9,2,Control,Soil,High,NoTill,highfert-notill,0,0
15,1,Control-high-fert-till-2mos-1,2,Control,Soil,High,Till,highfert-till,0,0
301,10,Control-high-fert-till-2mos-10,2,Control,Soil,High,Till,highfert-till,0,0
34,2,Control-high-fert-till-2mos-2,2,Control,Soil,High,Till,highfert-till,0,0
70,3,Control-high-fert-till-2mos-3,2,Control,Soil,High,Till,highfert-till,0,0
114,4,Control-high-fert-till-2mos-4,2,Control,Soil,High,Till,highfert-till,0,0
160,5,Control-high-fert-till-2mos-5,2,Control,Soil,High,Till,highfert-till,0,0
173,6,Control-high-fert-till-2mos-6,2,Control,Soil,High,Till,highfert-till,0,0
198,7,Control-high-fert-till-2mos-7,2,Control,Soil,High,Till,highfert-till,0,0
251,8,Control-high-fert-till-2mos-8,2,Control,Soil,High,Till,highfert-till,0,0
275,9,Control-high-fert-till-2mos-9,2,Control,Soil,High,Till,highfert-till,0,0
28,1,Control-no-fert-2mos-1,2,Control,Soil,No,NoTill,nofert-notill,0,0
316,10,Control-no-fert-2mos-10,2,Control,Soil,No,NoTill,nofert-notill,0,0
56,2,Control-no-fert-2mos-2,2,Control,Soil,No,NoTill,nofert-notill,0,0
85,3,Control-no-fert-2mos-3,2,Control,Soil,No,NoTill,nofert-notill,0,0
118,4,Control-no-fert-2mos-4,2,Control,Soil,No,NoTill,nofert-notill,0,0
137,5,Control-no-fert-2mos-5,2,Control,Soil,No,NoTill,nofert-notill,0,0
168,6,Control-no-fert-2mos-6,2,Control,Soil,No,NoTill,nofert-notill,0,0
217,7,Control-no-fert-2mos-7,2,Control,Soil,No,NoTill,nofert-notill,0,0
227,8,Control-no-fert-2mos-8,2,Control,Soil,No,NoTill,nofert-notill,0,0
277,9,Control-no-fert-2mos-9,2,Control,Soil,No,NoTill,nofert-notill,0,0
20,1,Control-no-fert-till-2mos-1,2,Control,Soil,No,Till,nofert-till,0,0
291,10,Control-no-fert-till-2mos-10,2,Control,Soil,No,Till,nofert-till,0,0
45,2,Control-no-fert-till-2mos-2,2,Control,Soil,No,Till,nofert-till,0,0
90,3,Control-no-fert-till-2mos-3,2,Control,Soil,No,Till,nofert-till,0,0
97,4,Control-no-fert-till-2mos-4,2,Control,Soil,No,Till,nofert-till,0,0
151,5,Control-no-fert-till-2mos-5,2,Control,Soil,No,Till,nofert-till,0,0
166,6,Control-no-fert-till-2mos-6,2,Control,Soil,No,Till,nofert-till,0,0
211,7,Control-no-fert-till-2mos-7,2,Control,Soil,No,Till,nofert-till,0,0
237,8,Control-no-fert-till-2mos-8,2,Control,Soil,No,Till,nofert-till,0,0
273,9,Control-no-fert-till-2mos-9,2,Control,Soil,No,Till,nofert-till,0,0
171,2,Cuba8-high-fert-2mos-2,2,Cuba8,Soil,High,NoTill,highfert-notill,0,0
184,4,Cuba8-high-fert-2mos-4,2,Cuba8,Soil,High,NoTill,highfert-notill,0,0
180,5,Cuba8-high-fert-2mos-5,2,Cuba8,Soil,High,NoTill,highfert-notill,0,0
161,6,Cuba8-high-fert-2mos-6,2,Cuba8,Soil,High,NoTill,highfert-notill,0,0
177,8,Cuba8-high-fert-2mos-8,2,Cuba8,Soil,High,NoTill,highfert-notill,0,0
183,1,Cuba8-high-fert-till-2mos-1,2,Cuba8,Soil,High,Till,highfert-till,0,0
181,2,Cuba8-high-fert-till-2mos-2,2,Cuba8,Soil,High,Till,highfert-till,0,0
191,4,Cuba8-high-fert-till-2mos-4,2,Cuba8,Soil,High,Till,highfert-till,0,0
170,7,Cuba8-high-fert-till-2mos-7,2,Cuba8,Soil,High,Till,highfert-till,0,0
187,9,Cuba8-high-fert-till-2mos-9,2,Cuba8,Soil,High,Till,highfert-till,0,0
190,3,Cuba8-no-fert-2mos-3,2,Cuba8,Soil,No,NoTill,nofert-notill,0,0
178,10,Cuba8-no-fert-till-2mos-10,2,Cuba8,Soil,No,Till,nofert-till,0,0
164,3,Cuba8-no-fert-till-2mos-3,2,Cuba8,Soil,No,Till,nofert-till,0,0
179,6,Cuba8-no-fert-till-2mos-6,2,Cuba8,Soil,No,Till,nofert-till,0,0
185,7,Cuba8-no-fert-till-2mos-7,2,Cuba8,Soil,No,Till,nofert-till,0,0
186,8,Cuba8-no-fert-till-2mos-8,2,Cuba8,Soil,No,Till,nofert-till,0,0
166,9,Cuba8-no-fert-till-2mos-9,2,Cuba8,Soil,No,Till,nofert-till,0,0
266,9,DAOM197198-high-fert-2mos-9,2,DAOM197198,Soil,High,NoTill,highfert-notill,0,0
281,10,DAOM197198-high-fert-till-2mos-10,2,DAOM197198,Soil,High,Till,highfert-till,0,0
263,9,DAOM197198-high-fert-till-2mos-9,2,DAOM197198,Soil,High,Till,highfert-till,0,0
257,1,DAOM197198-no-fert-2mos-1,2,DAOM197198,Soil,No,NoTill,nofert-notill,0,0
261,3,DAOM197198-no-fert-2mos-3,2,DAOM197198,Soil,No,NoTill,nofert-notill,0,0
54,1,CC4-high-fert-4mos-1,4,CC4,Soil,High,NoTill,highfert-notill,0,0
42,10,CC4-high-fert-4mos-10,4,CC4,Soil,High,NoTill,highfert-notill,0,0
58,2,CC4-high-fert-4mos-2,4,CC4,Soil,High,NoTill,highfert-notill,0,0
72,5,CC4-high-fert-4mos-5,4,CC4,Soil,High,NoTill,highfert-notill,0,0
39,8,CC4-high-fert-4mos-8,4,CC4,Soil,High,NoTill,highfert-notill,0,0
67,1,CC4-high-fert-till-4mos-1,4,CC4,Soil,High,Till,highfert-till,0,0
61,2,CC4-high-fert-till-4mos-2,4,CC4,Soil,High,Till,highfert-till,0,0
51,5,CC4-high-fert-till-4mos-5,4,CC4,Soil,High,Till,highfert-till,0,0
55,9,CC4-high-fert-till-4mos-9,4,CC4,Soil,High,Till,highfert-till,0,0
60,10,CC4-no-fert-4mos-10,4,CC4,Soil,No,NoTill,nofert-notill,0,0
66,3,CC4-no-fert-4mos-3,4,CC4,Soil,No,NoTill,nofert-notill,0,0
53,7,CC4-no-fert-4mos-7,4,CC4,Soil,No,NoTill,nofert-notill,0,0
56,9,CC4-no-fert-4mos-9,4,CC4,Soil,No,NoTill,nofert-notill,0,0
59,3,CC4-no-fert-till-4mos-3,4,CC4,Soil,No,Till,nofert-till,0,0
57,4,CC4-no-fert-till-4mos-4,4,CC4,Soil,No,Till,nofert-till,0,0
65,5,CC4-no-fert-till-4mos-5,4,CC4,Soil,No,Till,nofert-till,0,0
64,8,CC4-no-fert-till-4mos-8,4,CC4,Soil,No,Till,nofert-till,0,0
30,1,Control-high-fert-2mos-1,4,Control,Soil,High,NoTill,highfert-notill,0,0
298,10,Control-high-fert-2mos-10,4,Control,Soil,High,NoTill,highfert-notill,0,0
33,2,Control-high-fert-2mos-2,4,Control,Soil,High,NoTill,highfert-notill,0,0
84,3,Control-high-fert-2mos-3,4,Control,Soil,High,NoTill,highfert-notill,0,0
125,4,Control-high-fert-2mos-4,4,Control,Soil,High,NoTill,highfert-notill,0,0
143,5,Control-high-fert-2mos-5,4,Control,Soil,High,NoTill,highfert-notill,0,0
176,6,Control-high-fert-2mos-6,4,Control,Soil,High,NoTill,highfert-notill,0,0
213,7,Control-high-fert-2mos-7,4,Control,Soil,High,NoTill,highfert-notill,0,0
241,8,Control-high-fert-2mos-8,4,Control,Soil,High,NoTill,highfert-notill,0,0
282,9,Control-high-fert-2mos-9,4,Control,Soil,High,NoTill,highfert-notill,0,0
25,1,Control-high-fert-till-4mos-1,4,Control,Soil,High,Till,highfert-till,0,0
303,10,Control-high-fert-till-4mos-10,4,Control,Soil,High,Till,highfert-till,0,0
55,2,Control-high-fert-till-4mos-2,4,Control,Soil,High,Till,highfert-till,0,0
95,3,Control-high-fert-till-4mos-3,4,Control,Soil,High,Till,highfert-till,0,0
128,4,Control-high-fert-till-4mos-4,4,Control,Soil,High,Till,highfert-till,0,0
152,5,Control-high-fert-till-4mos-5,4,Control,Soil,High,Till,highfert-till,0,0
170,6,Control-high-fert-till-4mos-6,4,Control,Soil,High,Till,highfert-till,0,0
201,7,Control-high-fert-till-4mos-7,4,Control,Soil,High,Till,highfert-till,0,0
239,8,Control-high-fert-till-4mos-8,4,Control,Soil,High,Till,highfert-till,0,0
259,9,Control-high-fert-till-4mos-9,4,Control,Soil,High,Till,highfert-till,0,0
17,1,Control-no-fert-4mos-1,4,Control,Soil,No,NoTill,nofert-notill,0,0
296,10,Control-no-fert-4mos-10,4,Control,Soil,No,NoTill,nofert-notill,0,0
52,2,Control-no-fert-4mos-2,4,Control,Soil,No,NoTill,nofert-notill,0,0
74,3,Control-no-fert-4mos-3,4,Control,Soil,No,NoTill,nofert-notill,0,0
98,4,Control-no-fert-4mos-4,4,Control,Soil,No,NoTill,nofert-notill,0,0
130,5,Control-no-fert-4mos-5,4,Control,Soil,No,NoTill,nofert-notill,0,0
175,6,Control-no-fert-4mos-6,4,Control,Soil,No,NoTill,nofert-notill,0,0
214,7,Control-no-fert-4mos-7,4,Control,Soil,No,NoTill,nofert-notill,0,0
233,8,Control-no-fert-4mos-8,4,Control,Soil,No,NoTill,nofert-notill,0,0
270,9,Control-no-fert-4mos-9,4,Control,Soil,No,NoTill,nofert-notill,0,0
23,1,Control-no-fert-till-4mos-1,4,Control,Soil,No,Till,nofert-till,0,0
313,10,Control-no-fert-till-4mos-10,4,Control,Soil,No,Till,nofert-till,0,0
57,2,Control-no-fert-till-4mos-2,4,Control,Soil,No,Till,nofert-till,0,0
71,3,Control-no-fert-till-4mos-3,4,Control,Soil,No,Till,nofert-till,0,0
117,4,Control-no-fert-till-4mos-4,4,Control,Soil,No,Till,nofert-till,0,0
139,5,Control-no-fert-till-4mos-5,4,Control,Soil,No,Till,nofert-till,0,0
164,6,Control-no-fert-till-4mos-6,4,Control,Soil,No,Till,nofert-till,0,0
223,7,Control-no-fert-till-4mos-7,4,Control,Soil,No,Till,nofert-till,0,0
226,8,Control-no-fert-till-4mos-8,4,Control,Soil,No,Till,nofert-till,0,0
276,9,Control-no-fert-till-4mos-9,4,Control,Soil,No,Till,nofert-till,0,0
218,10,Cuba8-high-fert-4mos-10,4,Cuba8,Soil,High,NoTill,highfert-notill,0,0
220,5,Cuba8-high-fert-4mos-5,4,Cuba8,Soil,High,NoTill,highfert-notill,0,0
207,6,Cuba8-high-fert-4mos-6,4,Cuba8,Soil,High,NoTill,highfert-notill,0,0
213,8,Cuba8-high-fert-4mos-8,4,Cuba8,Soil,High,NoTill,highfert-notill,0,0
215,1,Cuba8-high-fert-till-4mos-1,4,Cuba8,Soil,High,Till,highfert-till,0,0
212,3,Cuba8-high-fert-till-4mos-3,4,Cuba8,Soil,High,Till,highfert-till,0,0
230,4,Cuba8-high-fert-till-4mos-4,4,Cuba8,Soil,High,Till,highfert-till,0,0
204,7,Cuba8-high-fert-till-4mos-7,4,Cuba8,Soil,High,Till,highfert-till,0,0
216,8,Cuba8-high-fert-till-4mos-8,4,Cuba8,Soil,High,Till,highfert-till,0,0
208,2,Cuba8-no-fert-4mos-2,4,Cuba8,Soil,No,NoTill,nofert-notill,0,0
214,3,Cuba8-no-fert-4mos-3,4,Cuba8,Soil,No,NoTill,nofert-notill,0,0
221,4,Cuba8-no-fert-4mos-4,4,Cuba8,Soil,No,NoTill,nofert-notill,0,0
217,5,Cuba8-no-fert-4mos-5,4,Cuba8,Soil,No,NoTill,nofert-notill,0,0
211,1,Cuba8-no-fert-till-4mos-1,4,Cuba8,Soil,No,Till,nofert-till,0,0
209,3,Cuba8-no-fert-till-4mos-3,4,Cuba8,Soil,No,Till,nofert-till,0,0
223,4,Cuba8-no-fert-till-4mos-4,4,Cuba8,Soil,No,Till,nofert-till,0,0
210,5,Cuba8-no-fert-till-4mos-5,4,Cuba8,Soil,No,Till,nofert-till,0,0
219,8,Cuba8-no-fert-till-4mos-8,4,Cuba8,Soil,No,Till,nofert-till,0,0
224,9,Cuba8-no-fert-till-4mos-9,4,Cuba8,Soil,No,Till,nofert-till,0,0
299,1,DAOM197198-high-fert-till-4mos-1,4,DAOM197198,Soil,High,Till,highfert-till,0,0
288,6,DAOM197198-high-fert-till-4mos-6,4,DAOM197198,Soil,High,Till,highfert-till,0,0
302,8,DAOM197198-high-fert-till-4mos-8,4,DAOM197198,Soil,High,Till,highfert-till,0,0
304,8,DAOM197198-no-fert-4mos-8,4,DAOM197198,Soil,No,NoTill,nofert-notill,0,0
292,5,DAOM197198-no-fert-till-4mos-5,4,DAOM197198,Soil,No,Till,nofert-till,0,0
207,6,Cuba8-high-fert-4mos-6,4,Cuba8,Roots,High,NoTill,highfert-notill,0.1,1
21,4,CC4-high-fert-till-2mos-4,2,CC4,Roots,High,Till,highfert-till,0.3,1
15,2,CC4-high-fert-till-2mos-2,2,CC4,Roots,High,Till,highfert-till,0.4,1
318,6,DAOM197198-high-fert-4mos-6,4,DAOM197198,Roots,High,NoTill,highfert-notill,0.4,1
19,7,CC4-high-fert-2mos-7,2,CC4,Roots,High,NoTill,highfert-notill,0.5,1
10,10,CC4-high-fert-till-2mos-10,2,CC4,Roots,High,Till,highfert-till,0.5,1
282,3,DAOM197198-high-fert-2mos-3,2,DAOM197198,Roots,High,NoTill,highfert-notill,0.5,1
271,8,DAOM197198-high-fert-till-2mos-8,2,DAOM197198,Roots,High,Till,highfert-till,0.5,1
42,10,CC4-high-fert-4mos-10,4,CC4,Roots,High,NoTill,highfert-notill,0.5,1
213,8,Cuba8-high-fert-4mos-8,4,Cuba8,Roots,High,NoTill,highfert-notill,0.5,1
198,5,Cuba8-high-fert-till-4mos-5,4,Cuba8,Roots,High,Till,highfert-till,0.5,1
211,1,Cuba8-no-fert-till-4mos-1,4,Cuba8,Roots,No,Till,nofert-till,0.5,1
29,10,CC4-no-fert-till-2mos-10,2,CC4,Roots,No,Till,nofert-till,0.6,1
236,4,DAOM197198-high-fert-till-2mos-4,2,DAOM197198,Roots,High,Till,highfert-till,0.6,1
225,10,Cuba8-no-fert-till-4mos-10,4,Cuba8,Roots,No,Till,nofert-till,0.6,1
219,8,Cuba8-no-fert-till-4mos-8,4,Cuba8,Roots,No,Till,nofert-till,0.6,1
293,5,DAOM197198-high-fert-till-4mos-5,4,DAOM197198,Roots,High,Till,highfert-till,0.6,1
225,10,Cuba8-no-fert-till-4mos-10,4,Cuba8,Soil,No,Till,nofert-till,0.6,1
293,5,DAOM197198-high-fert-till-4mos-5,4,DAOM197198,Soil,High,Till,highfert-till,0.6,1
5,5,CC4-high-fert-2mos-5,2,CC4,Roots,High,NoTill,highfert-notill,0.7,1
4,4,CC4-no-fert-2mos-4,2,CC4,Roots,No,NoTill,nofert-notill,0.7,1
24,6,CC4-no-fert-2mos-6,2,CC4,Roots,No,NoTill,nofert-notill,0.7,1
23,6,CC4-no-fert-till-2mos-6,2,CC4,Roots,No,Till,nofert-till,0.7,1
169,1,Cuba8-high-fert-2mos-1,2,Cuba8,Roots,High,NoTill,highfert-notill,0.7,1
176,3,Cuba8-high-fert-2mos-3,2,Cuba8,Roots,High,NoTill,highfert-notill,0.7,1
173,6,Cuba8-high-fert-till-2mos-6,2,Cuba8,Roots,High,Till,highfert-till,0.7,1
167,10,Cuba8-no-fert-2mos-10,2,Cuba8,Roots,No,NoTill,nofert-notill,0.7,1
174,2,Cuba8-no-fert-2mos-2,2,Cuba8,Roots,No,NoTill,nofert-notill,0.7,1
172,7,Cuba8-no-fert-2mos-7,2,Cuba8,Roots,No,NoTill,nofert-notill,0.7,1
165,9,Cuba8-no-fert-2mos-9,2,Cuba8,Roots,No,NoTill,nofert-notill,0.7,1
258,1,DAOM197198-high-fert-2mos-1,2,DAOM197198,Roots,High,NoTill,highfert-notill,0.7,1
280,2,DAOM197198-high-fert-2mos-2,2,DAOM197198,Roots,High,NoTill,highfert-notill,0.7,1
252,1,DAOM197198-no-fert-till-2mos-1,2,DAOM197198,Roots,No,Till,nofert-till,0.7,1
62,3,CC4-high-fert-4mos-3,4,CC4,Roots,High,NoTill,highfert-notill,0.7,1
63,8,CC4-high-fert-till-4mos-8,4,CC4,Roots,High,Till,highfert-till,0.7,1
46,1,CC4-no-fert-4mos-1,4,CC4,Roots,No,NoTill,nofert-notill,0.7,1
229,2,Cuba8-high-fert-till-4mos-2,4,Cuba8,Roots,High,Till,highfert-till,0.7,1
201,9,Cuba8-high-fert-till-4mos-9,4,Cuba8,Roots,High,Till,highfert-till,0.7,1
5,5,CC4-high-fert-2mos-5,2,CC4,Soil,High,NoTill,highfert-notill,0.7,1
4,4,CC4-no-fert-2mos-4,2,CC4,Soil,No,NoTill,nofert-notill,0.7,1
24,6,CC4-no-fert-2mos-6,2,CC4,Soil,No,NoTill,nofert-notill,0.7,1
23,6,CC4-no-fert-till-2mos-6,2,CC4,Soil,No,Till,nofert-till,0.7,1
169,1,Cuba8-high-fert-2mos-1,2,Cuba8,Soil,High,NoTill,highfert-notill,0.7,1
176,3,Cuba8-high-fert-2mos-3,2,Cuba8,Soil,High,NoTill,highfert-notill,0.7,1
173,6,Cuba8-high-fert-till-2mos-6,2,Cuba8,Soil,High,Till,highfert-till,0.7,1
167,10,Cuba8-no-fert-2mos-10,2,Cuba8,Soil,No,NoTill,nofert-notill,0.7,1
174,2,Cuba8-no-fert-2mos-2,2,Cuba8,Soil,No,NoTill,nofert-notill,0.7,1
172,7,Cuba8-no-fert-2mos-7,2,Cuba8,Soil,No,NoTill,nofert-notill,0.7,1
165,9,Cuba8-no-fert-2mos-9,2,Cuba8,Soil,No,NoTill,nofert-notill,0.7,1
258,1,DAOM197198-high-fert-2mos-1,2,DAOM197198,Soil,High,NoTill,highfert-notill,0.7,1
280,2,DAOM197198-high-fert-2mos-2,2,DAOM197198,Soil,High,NoTill,highfert-notill,0.7,1
252,1,DAOM197198-no-fert-till-2mos-1,2,DAOM197198,Soil,No,Till,nofert-till,0.7,1
62,3,CC4-high-fert-4mos-3,4,CC4,Soil,High,NoTill,highfert-notill,0.7,1
63,8,CC4-high-fert-till-4mos-8,4,CC4,Soil,High,Till,highfert-till,0.7,1
46,1,CC4-no-fert-4mos-1,4,CC4,Soil,No,NoTill,nofert-notill,0.7,1
229,2,Cuba8-high-fert-till-4mos-2,4,Cuba8,Soil,High,Till,highfert-till,0.7,1
201,9,Cuba8-high-fert-till-4mos-9,4,Cuba8,Soil,High,Till,highfert-till,0.7,1
12,1,CC4-high-fert-till-2mos-1,2,CC4,Roots,High,Till,highfert-till,0.8,1
31,7,CC4-no-fert-till-2mos-7,2,CC4,Roots,No,Till,nofert-till,0.8,1
182,8,Cuba8-high-fert-till-2mos-8,2,Cuba8,Roots,High,Till,highfert-till,0.8,1
175,5,Cuba8-no-fert-2mos-5,2,Cuba8,Roots,No,NoTill,nofert-notill,0.8,1
188,2,Cuba8-no-fert-till-2mos-2,2,Cuba8,Roots,No,Till,nofert-till,0.8,1
274,4,DAOM197198-high-fert-2mos-4,2,DAOM197198,Roots,High,NoTill,highfert-notill,0.8,1
249,5,DAOM197198-high-fert-2mos-5,2,DAOM197198,Roots,High,NoTill,highfert-notill,0.8,1
286,7,DAOM197198-high-fert-till-2mos-7,2,DAOM197198,Roots,High,Till,highfert-till,0.8,1
69,6,CC4-no-fert-4mos-6,4,CC4,Roots,No,NoTill,nofert-notill,0.8,1
222,3,Cuba8-high-fert-4mos-3,4,Cuba8,Roots,High,NoTill,highfert-notill,0.8,1
202,1,Cuba8-no-fert-4mos-1,4,Cuba8,Roots,No,NoTill,nofert-notill,0.8,1
206,7,Cuba8-no-fert-4mos-7,4,Cuba8,Roots,No,NoTill,nofert-notill,0.8,1
283,1,DAOM197198-high-fert-4mos-1,4,DAOM197198,Roots,High,NoTill,highfert-notill,0.8,1
294,4,DAOM197198-high-fert-4mos-4,4,DAOM197198,Roots,High,NoTill,highfert-notill,0.8,1
320,3,DAOM197198-high-fert-till-4mos-3,4,DAOM197198,Roots,High,Till,highfert-till,0.8,1
287,4,DAOM197198-high-fert-till-4mos-4,4,DAOM197198,Roots,High,Till,highfert-till,0.8,1
12,1,CC4-high-fert-till-2mos-1,2,CC4,Soil,High,Till,highfert-till,0.8,1
31,7,CC4-no-fert-till-2mos-7,2,CC4,Soil,No,Till,nofert-till,0.8,1
182,8,Cuba8-high-fert-till-2mos-8,2,Cuba8,Soil,High,Till,highfert-till,0.8,1
175,5,Cuba8-no-fert-2mos-5,2,Cuba8,Soil,No,NoTill,nofert-notill,0.8,1
188,2,Cuba8-no-fert-till-2mos-2,2,Cuba8,Soil,No,Till,nofert-till,0.8,1
286,7,DAOM197198-high-fert-till-2mos-7,2,DAOM197198,Soil,High,Till,highfert-till,0.8,1
222,3,Cuba8-high-fert-4mos-3,4,Cuba8,Soil,High,NoTill,highfert-notill,0.8,1
202,1,Cuba8-no-fert-4mos-1,4,Cuba8,Soil,No,NoTill,nofert-notill,0.8,1
206,7,Cuba8-no-fert-4mos-7,4,Cuba8,Soil,No,NoTill,nofert-notill,0.8,1
294,4,DAOM197198-high-fert-4mos-4,4,DAOM197198,Soil,High,NoTill,highfert-notill,0.8,1
320,3,DAOM197198-high-fert-till-4mos-3,4,DAOM197198,Soil,High,Till,highfert-till,0.8,1
30,8,CC4-high-fert-2mos-8,2,CC4,Roots,High,NoTill,highfert-notill,0.9,1
2,1,CC4-no-fert-till-2mos-1,2,CC4,Roots,No,Till,nofert-till,0.9,1
35,2,CC4-no-fert-till-2mos-2,2,CC4,Roots,No,Till,nofert-till,0.9,1
163,6,Cuba8-no-fert-2mos-6,2,Cuba8,Roots,No,NoTill,nofert-notill,0.9,1
82,2,CC4-no-fert-till-4mos-2,4,CC4,Roots,No,Till,nofert-till,0.9,1
79,6,CC4-no-fert-till-4mos-6,4,CC4,Roots,No,Till,nofert-till,0.9,1
64,8,CC4-no-fert-till-4mos-8,4,CC4,Roots,No,Till,nofert-till,0.9,1
231,6,Cuba8-high-fert-till-4mos-6,4,Cuba8,Roots,High,Till,highfert-till,0.9,1
227,6,Cuba8-no-fert-4mos-6,4,Cuba8,Roots,No,NoTill,nofert-notill,0.9,1
307,5,DAOM197198-no-fert-4mos-5,4,DAOM197198,Roots,No,NoTill,nofert-notill,0.9,1
163,6,Cuba8-no-fert-2mos-6,2,Cuba8,Soil,No,NoTill,nofert-notill,0.9,1
227,6,Cuba8-no-fert-4mos-6,4,Cuba8,Soil,No,NoTill,nofert-notill,0.9,1
14,3,CC4-no-fert-till-2mos-3,2,CC4,Roots,No,Till,nofert-till,1,1
20,9,CC4-no-fert-till-2mos-9,2,CC4,Roots,No,Till,nofert-till,1,1
187,9,Cuba8-high-fert-till-2mos-9,2,Cuba8,Roots,High,Till,highfert-till,1,1
178,10,Cuba8-no-fert-till-2mos-10,2,Cuba8,Roots,No,Till,nofert-till,1,1
246,8,DAOM197198-high-fert-2mos-8,2,DAOM197198,Roots,High,NoTill,highfert-notill,1,1
265,6,DAOM197198-no-fert-till-2mos-6,2,DAOM197198,Roots,No,Till,nofert-till,1,1
58,2,CC4-high-fert-4mos-2,4,CC4,Roots,High,NoTill,highfert-notill,1,1
66,3,CC4-no-fert-4mos-3,4,CC4,Roots,No,NoTill,nofert-notill,1,1
65,5,CC4-no-fert-till-4mos-5,4,CC4,Roots,No,Till,nofert-till,1,1
45,9,CC4-no-fert-till-4mos-9,4,CC4,Roots,No,Till,nofert-till,1,1
243,9,Cuba8-high-fert-4mos-9,4,Cuba8,Roots,High,NoTill,highfert-notill,1,1
240,6,Cuba8-no-fert-till-4mos-6,4,Cuba8,Roots,No,Till,nofert-till,1,1
312,10,DAOM197198-high-fert-till-4mos-10,4,DAOM197198,Roots,High,Till,highfert-till,1,1
246,8,DAOM197198-high-fert-2mos-8,2,DAOM197198,Soil,High,NoTill,highfert-notill,1,1
265,6,DAOM197198-no-fert-till-2mos-6,2,DAOM197198,Soil,No,Till,nofert-till,1,1
203,10,Cuba8-high-fert-2mos-10,2,Cuba8,Roots,High,NoTill,highfert-notill,1.1,1
199,8,Cuba8-no-fert-2mos-8,2,Cuba8,Roots,No,NoTill,nofert-notill,1.1,1
270,9,DAOM197198-no-fert-2mos-9,2,DAOM197198,Roots,No,NoTill,nofert-notill,1.1,1
205,1,Cuba8-high-fert-4mos-1,4,Cuba8,Roots,High,NoTill,highfert-notill,1.1,1
235,8,Cuba8-no-fert-4mos-8,4,Cuba8,Roots,No,NoTill,nofert-notill,1.1,1
237,2,Cuba8-no-fert-till-4mos-2,4,Cuba8,Roots,No,Till,nofert-till,1.1,1
309,10,DAOM197198-high-fert-4mos-10,4,DAOM197198,Roots,High,NoTill,highfert-notill,1.1,1
309,10,DAOM197198-high-fert-4mos-10,4,DAOM197198,Soil,High,NoTill,highfert-notill,1.1,1
34,5,CC4-high-fert-till-2mos-5,2,CC4,Roots,High,Till,highfert-till,1.2,1
194,5,Cuba8-high-fert-till-2mos-5,2,Cuba8,Roots,High,Till,highfert-till,1.2,1
200,4,Cuba8-no-fert-till-2mos-4,2,Cuba8,Roots,No,Till,nofert-till,1.2,1
247,10,DAOM197198-high-fert-2mos-10,2,DAOM197198,Roots,High,NoTill,highfert-notill,1.2,1
239,2,DAOM197198-high-fert-till-2mos-2,2,DAOM197198,Roots,High,Till,highfert-till,1.2,1
83,6,CC4-high-fert-4mos-6,4,CC4,Roots,High,NoTill,highfert-notill,1.2,1
234,10,Cuba8-high-fert-till-4mos-10,4,Cuba8,Roots,High,Till,highfert-till,1.2,1
247,10,DAOM197198-high-fert-2mos-10,2,DAOM197198,Soil,High,NoTill,highfert-notill,1.2,1
179,6,Cuba8-no-fert-till-2mos-6,2,Cuba8,Roots,No,Till,nofert-till,1.3,1
68,4,CC4-high-fert-4mos-4,4,CC4,Roots,High,NoTill,highfert-notill,1.3,1
74,2,CC4-no-fert-4mos-2,4,CC4,Roots,No,NoTill,nofert-notill,1.3,1
241,2,Cuba8-high-fert-4mos-2,4,Cuba8,Roots,High,NoTill,highfert-notill,1.3,1
278,2,DAOM197198-no-fert-till-4mos-2,4,DAOM197198,Roots,No,Till,nofert-till,1.3,1
241,2,Cuba8-high-fert-4mos-2,4,Cuba8,Soil,High,NoTill,highfert-notill,1.3,1
162,3,Cuba8-high-fert-till-2mos-3,2,Cuba8,Roots,High,Till,highfert-till,1.4,1
168,4,Cuba8-no-fert-2mos-4,2,Cuba8,Roots,No,NoTill,nofert-notill,1.4,1
189,1,Cuba8-no-fert-till-2mos-1,2,Cuba8,Roots,No,Till,nofert-till,1.4,1
262,6,DAOM197198-high-fert-2mos-6,2,DAOM197198,Roots,High,NoTill,highfert-notill,1.4,1
242,1,DAOM197198-high-fert-till-2mos-1,2,DAOM197198,Roots,High,Till,highfert-till,1.4,1
251,5,DAOM197198-high-fert-till-2mos-5,2,DAOM197198,Roots,High,Till,highfert-till,1.4,1
259,6,DAOM197198-high-fert-till-2mos-6,2,DAOM197198,Roots,High,Till,highfert-till,1.4,1
71,10,CC4-no-fert-till-4mos-10,4,CC4,Roots,No,Till,nofert-till,1.4,1
47,7,CC4-no-fert-till-4mos-7,4,CC4,Roots,No,Till,nofert-till,1.4,1
226,7,Cuba8-no-fert-till-4mos-7,4,Cuba8,Roots,No,Till,nofert-till,1.4,1
284,3,DAOM197198-high-fert-4mos-3,4,DAOM197198,Roots,High,NoTill,highfert-notill,1.4,1
300,10,DAOM197198-no-fert-till-4mos-10,4,DAOM197198,Roots,No,Till,nofert-till,1.4,1
168,4,Cuba8-no-fert-2mos-4,2,Cuba8,Soil,No,NoTill,nofert-notill,1.4,1
189,1,Cuba8-no-fert-till-2mos-1,2,Cuba8,Soil,No,Till,nofert-till,1.4,1
251,5,DAOM197198-high-fert-till-2mos-5,2,DAOM197198,Soil,High,Till,highfert-till,1.4,1
259,6,DAOM197198-high-fert-till-2mos-6,2,DAOM197198,Soil,High,Till,highfert-till,1.4,1
71,10,CC4-no-fert-till-4mos-10,4,CC4,Soil,No,Till,nofert-till,1.4,1
226,7,Cuba8-no-fert-till-4mos-7,4,Cuba8,Soil,No,Till,nofert-till,1.4,1
284,3,DAOM197198-high-fert-4mos-3,4,DAOM197198,Soil,High,NoTill,highfert-notill,1.4,1
36,9,CC4-high-fert-2mos-9,2,CC4,Roots,High,NoTill,highfert-notill,1.5,1
32,10,CC4-no-fert-2mos-10,2,CC4,Roots,No,NoTill,nofert-notill,1.5,1
41,3,CC4-no-fert-2mos-3,2,CC4,Roots,No,NoTill,nofert-notill,1.5,1
192,7,Cuba8-high-fert-2mos-7,2,Cuba8,Roots,High,NoTill,highfert-notill,1.5,1
277,6,DAOM197198-no-fert-2mos-6,2,DAOM197198,Roots,No,NoTill,nofert-notill,1.5,1
76,5,CC4-no-fert-4mos-5,4,CC4,Roots,No,NoTill,nofert-notill,1.5,1
210,5,Cuba8-no-fert-till-4mos-5,4,Cuba8,Roots,No,Till,nofert-till,1.5,1
311,3,DAOM197198-no-fert-till-4mos-3,4,DAOM197198,Roots,No,Till,nofert-till,1.5,1
313,7,DAOM197198-no-fert-till-4mos-7,4,DAOM197198,Roots,No,Till,nofert-till,1.5,1
192,7,Cuba8-high-fert-2mos-7,2,Cuba8,Soil,High,NoTill,highfert-notill,1.5,1
277,6,DAOM197198-no-fert-2mos-6,2,DAOM197198,Soil,No,NoTill,nofert-notill,1.5,1
311,3,DAOM197198-no-fert-till-4mos-3,4,DAOM197198,Soil,No,Till,nofert-till,1.5,1
313,7,DAOM197198-no-fert-till-4mos-7,4,DAOM197198,Soil,No,Till,nofert-till,1.5,1
44,2,CC4-no-fert-2mos-2,2,CC4,Roots,No,NoTill,nofert-notill,1.6,1
197,5,Cuba8-no-fert-till-2mos-5,2,Cuba8,Roots,No,Till,nofert-till,1.6,1
185,7,Cuba8-no-fert-till-2mos-7,2,Cuba8,Roots,No,Till,nofert-till,1.6,1
275,3,DAOM197198-high-fert-till-2mos-3,2,DAOM197198,Roots,High,Till,highfert-till,1.6,1
298,8,DAOM197198-high-fert-4mos-8,4,DAOM197198,Roots,High,NoTill,highfert-notill,1.6,1
44,2,CC4-no-fert-2mos-2,2,CC4,Soil,No,NoTill,nofert-notill,1.6,1
18,5,CC4-no-fert-2mos-5,2,CC4,Roots,No,NoTill,nofert-notill,1.7,1
196,9,Cuba8-high-fert-2mos-9,2,Cuba8,Roots,High,NoTill,highfert-notill,1.7,1
193,10,Cuba8-high-fert-till-2mos-10,2,Cuba8,Roots,High,Till,highfert-till,1.7,1
50,7,CC4-high-fert-till-4mos-7,4,CC4,Roots,High,Till,highfert-till,1.7,1
48,4,CC4-no-fert-4mos-4,4,CC4,Roots,No,NoTill,nofert-notill,1.7,1
289,2,DAOM197198-high-fert-4mos-2,4,DAOM197198,Roots,High,NoTill,highfert-notill,1.7,1
317,5,DAOM197198-high-fert-4mos-5,4,DAOM197198,Roots,High,NoTill,highfert-notill,1.7,1
196,9,Cuba8-high-fert-2mos-9,2,Cuba8,Soil,High,NoTill,highfert-notill,1.7,1
48,4,CC4-no-fert-4mos-4,4,CC4,Soil,No,NoTill,nofert-notill,1.7,1
317,5,DAOM197198-high-fert-4mos-5,4,DAOM197198,Soil,High,NoTill,highfert-notill,1.7,1
26,1,CC4-no-fert-2mos-1,2,CC4,Roots,No,NoTill,nofert-notill,1.8,1
244,7,DAOM197198-high-fert-2mos-7,2,DAOM197198,Roots,High,NoTill,highfert-notill,1.8,1
232,4,Cuba8-high-fert-4mos-4,4,Cuba8,Roots,High,NoTill,highfert-notill,1.8,1
49,6,CC4-high-fert-till-4mos-6,4,CC4,Roots,High,Till,highfert-till,1.9,1
267,10,DAOM197198-no-fert-till-2mos-10,2,DAOM197198,Roots,No,Till,nofert-till,2,1
70,3,CC4-high-fert-till-4mos-3,4,CC4,Roots,High,Till,highfert-till,2,1
60,10,CC4-no-fert-4mos-10,4,CC4,Roots,No,NoTill,nofert-notill,2,1
233,9,Cuba8-no-fert-4mos-9,4,Cuba8,Roots,No,NoTill,nofert-notill,2,1
319,7,DAOM197198-high-fert-4mos-7,4,DAOM197198,Roots,High,NoTill,highfert-notill,2,1
70,3,CC4-high-fert-till-4mos-3,4,CC4,Soil,High,Till,highfert-till,2,1
233,9,Cuba8-no-fert-4mos-9,4,Cuba8,Soil,No,NoTill,nofert-notill,2,1
319,7,DAOM197198-high-fert-4mos-7,4,DAOM197198,Soil,High,NoTill,highfert-notill,2,1
238,7,Cuba8-high-fert-4mos-7,4,Cuba8,Roots,High,NoTill,highfert-notill,2.1,1
314,10,DAOM197198-no-fert-4mos-10,4,DAOM197198,Roots,No,NoTill,nofert-notill,2.1,1
305,2,DAOM197198-no-fert-4mos-2,4,DAOM197198,Roots,No,NoTill,nofert-notill,2.1,1
238,7,Cuba8-high-fert-4mos-7,4,Cuba8,Soil,High,NoTill,highfert-notill,2.1,1
314,10,DAOM197198-no-fert-4mos-10,4,DAOM197198,Soil,No,NoTill,nofert-notill,2.1,1
305,2,DAOM197198-no-fert-4mos-2,4,DAOM197198,Soil,No,NoTill,nofert-notill,2.1,1
291,9,DAOM197198-no-fert-till-4mos-9,4,DAOM197198,Roots,No,Till,nofert-till,2.2,1
291,9,DAOM197198-no-fert-till-4mos-9,4,DAOM197198,Soil,No,Till,nofert-till,2.2,1
228,10,Cuba8-no-fert-4mos-10,4,Cuba8,Roots,No,NoTill,nofert-notill,2.3,1
303,7,DAOM197198-high-fert-till-4mos-7,4,DAOM197198,Roots,High,Till,highfert-till,2.3,1
228,10,Cuba8-no-fert-4mos-10,4,Cuba8,Soil,No,NoTill,nofert-notill,2.3,1
303,7,DAOM197198-high-fert-till-4mos-7,4,DAOM197198,Soil,High,Till,highfert-till,2.3,1
268,4,DAOM197198-no-fert-2mos-4,2,DAOM197198,Roots,No,NoTill,nofert-notill,2.4,1
308,4,DAOM197198-no-fert-till-4mos-4,4,DAOM197198,Roots,No,Till,nofert-till,2.4,1
37,5,CC4-no-fert-till-2mos-5,2,CC4,Roots,No,Till,nofert-till,2.5,1
310,2,DAOM197198-high-fert-till-4mos-2,4,DAOM197198,Roots,High,Till,highfert-till,2.5,1
37,5,CC4-no-fert-till-2mos-5,2,CC4,Soil,No,Till,nofert-till,2.5,1
76,5,CC4-no-fert-4mos-5,4,CC4,Soil,No,NoTill,nofert-notill,2.5,1
310,2,DAOM197198-high-fert-till-4mos-2,4,DAOM197198,Soil,High,Till,highfert-till,2.5,1
269,8,DAOM197198-no-fert-till-2mos-8,2,DAOM197198,Roots,No,Till,nofert-till,2.6,1
197,5,Cuba8-no-fert-till-2mos-5,2,Cuba8,Soil,No,Till,nofert-till,2.6,1
245,10,DAOM197198-no-fert-2mos-10,2,DAOM197198,Roots,No,NoTill,nofert-notill,2.8,1
295,1,DAOM197198-no-fert-4mos-1,4,DAOM197198,Roots,No,NoTill,nofert-notill,2.8,1
290,8,DAOM197198-no-fert-till-4mos-8,4,DAOM197198,Roots,No,Till,nofert-till,2.8,1
244,7,DAOM197198-high-fert-2mos-7,2,DAOM197198,Soil,High,NoTill,highfert-notill,2.8,1
245,10,DAOM197198-no-fert-2mos-10,2,DAOM197198,Soil,No,NoTill,nofert-notill,2.8,1
3,8,CC4-no-fert-2mos-8,2,CC4,Roots,No,NoTill,nofert-notill,2.9,1
40,1,CC4-no-fert-till-4mos-1,4,CC4,Roots,No,Till,nofert-till,2.9,1
285,7,DAOM197198-no-fert-4mos-7,4,DAOM197198,Roots,No,NoTill,nofert-notill,2.9,1
40,1,CC4-no-fert-till-4mos-1,4,CC4,Soil,No,Till,nofert-till,2.9,1
285,7,DAOM197198-no-fert-4mos-7,4,DAOM197198,Soil,No,NoTill,nofert-notill,2.9,1
254,2,DAOM197198-no-fert-2mos-2,2,DAOM197198,Roots,No,NoTill,nofert-notill,3,1
250,8,DAOM197198-no-fert-2mos-8,2,DAOM197198,Roots,No,NoTill,nofert-notill,3,1
52,8,CC4-no-fert-4mos-8,4,CC4,Roots,No,NoTill,nofert-notill,3,1
296,4,DAOM197198-no-fert-4mos-4,4,DAOM197198,Roots,No,NoTill,nofert-notill,3,1
195,1,Cuba8-no-fert-2mos-1,2,Cuba8,Roots,No,NoTill,nofert-notill,3.1,1
73,10,CC4-high-fert-till-4mos-10,4,CC4,Roots,High,Till,highfert-till,3.1,1
301,9,DAOM197198-high-fert-till-4mos-9,4,DAOM197198,Roots,High,Till,highfert-till,3.1,1
195,1,Cuba8-no-fert-2mos-1,2,Cuba8,Soil,No,NoTill,nofert-notill,3.1,1
264,7,DAOM197198-no-fert-till-2mos-7,2,DAOM197198,Roots,No,Till,nofert-till,3.2,1
43,7,CC4-high-fert-4mos-7,4,CC4,Roots,High,NoTill,highfert-notill,3.2,1
75,4,CC4-high-fert-till-4mos-4,4,CC4,Roots,High,Till,highfert-till,3.2,1
297,6,DAOM197198-no-fert-4mos-6,4,DAOM197198,Roots,No,NoTill,nofert-notill,3.2,1
34,5,CC4-high-fert-till-2mos-5,2,CC4,Soil,High,Till,highfert-till,3.2,1
43,7,CC4-high-fert-4mos-7,4,CC4,Soil,High,NoTill,highfert-notill,3.2,1
75,4,CC4-high-fert-till-4mos-4,4,CC4,Soil,High,Till,highfert-till,3.2,1
272,5,DAOM197198-no-fert-2mos-5,2,DAOM197198,Roots,No,NoTill,nofert-notill,3.3,1
306,6,DAOM197198-no-fert-till-4mos-6,4,DAOM197198,Roots,No,Till,nofert-till,3.3,1
272,5,DAOM197198-no-fert-2mos-5,2,DAOM197198,Soil,No,NoTill,nofert-notill,3.3,1
9,6,CC4-high-fert-2mos-6,2,CC4,Roots,High,NoTill,highfert-notill,3.4,1
255,7,DAOM197198-no-fert-2mos-7,2,DAOM197198,Roots,No,NoTill,nofert-notill,3.4,1
279,9,DAOM197198-no-fert-4mos-9,4,DAOM197198,Roots,No,NoTill,nofert-notill,3.4,1
162,3,Cuba8-high-fert-till-2mos-3,2,Cuba8,Soil,High,Till,highfert-till,3.4,1
248,9,DAOM197198-no-fert-till-2mos-9,2,DAOM197198,Roots,No,Till,nofert-till,3.5,1
315,9,DAOM197198-high-fert-4mos-9,4,DAOM197198,Roots,High,NoTill,highfert-notill,3.5,1
316,3,DAOM197198-no-fert-4mos-3,4,DAOM197198,Roots,No,NoTill,nofert-notill,3.5,1
315,9,DAOM197198-high-fert-4mos-9,4,DAOM197198,Soil,High,NoTill,highfert-notill,3.5,1
236,4,DAOM197198-high-fert-till-2mos-4,2,DAOM197198,Soil,High,Till,highfert-till,3.6,1
260,3,DAOM197198-no-fert-till-2mos-3,2,DAOM197198,Roots,No,Till,nofert-till,3.8,1
30,8,CC4-high-fert-2mos-8,2,CC4,Soil,High,NoTill,highfert-notill,3.9,1
49,6,CC4-high-fert-till-4mos-6,4,CC4,Soil,High,Till,highfert-till,3.9,1
253,5,DAOM197198-no-fert-till-2mos-5,2,DAOM197198,Roots,No,Till,nofert-till,4,1
33,2,CC4-high-fert-2mos-2,2,CC4,Roots,High,NoTill,highfert-notill,4.1,1
33,2,CC4-high-fert-2mos-2,2,CC4,Soil,High,NoTill,highfert-notill,4.1,1
199,8,Cuba8-no-fert-2mos-8,2,Cuba8,Soil,No,NoTill,nofert-notill,4.1,1
232,4,Cuba8-high-fert-4mos-4,4,Cuba8,Soil,High,NoTill,highfert-notill,4.8,1
79,6,CC4-no-fert-till-4mos-6,4,CC4,Soil,No,Till,nofert-till,4.9,1
318,6,DAOM197198-high-fert-4mos-6,4,DAOM197198,Soil,High,NoTill,highfert-notill,5.4,1
198,5,Cuba8-high-fert-till-4mos-5,4,Cuba8,Soil,High,Till,highfert-till,5.5,1
203,10,Cuba8-high-fert-2mos-10,2,Cuba8,Soil,High,NoTill,highfert-notill,6.1,1
68,4,CC4-high-fert-4mos-4,4,CC4,Soil,High,NoTill,highfert-notill,6.3,1
300,10,DAOM197198-no-fert-till-4mos-10,4,DAOM197198,Soil,No,Till,nofert-till,6.4,1
256,4,DAOM197198-no-fert-till-2mos-4,2,DAOM197198,Roots,No,Till,nofert-till,7,1
205,1,Cuba8-high-fert-4mos-1,4,Cuba8,Soil,High,NoTill,highfert-notill,7.1,1
235,8,Cuba8-no-fert-4mos-8,4,Cuba8,Soil,No,NoTill,nofert-notill,7.1,1
74,2,CC4-no-fert-4mos-2,4,CC4,Soil,No,NoTill,nofert-notill,7.3,1
38,9,CC4-high-fert-till-2mos-9,2,CC4,Roots,High,Till,highfert-till,8,1
38,9,CC4-high-fert-till-2mos-9,2,CC4,Soil,High,Till,highfert-till,8,1
69,6,CC4-no-fert-4mos-6,4,CC4,Soil,No,NoTill,nofert-notill,8,1
83,6,CC4-high-fert-4mos-6,4,CC4,Soil,High,NoTill,highfert-notill,8.2,1
276,1,DAOM197198-no-fert-till-4mos-1,4,DAOM197198,Roots,No,Till,nofert-till,8.4,1
276,1,DAOM197198-no-fert-till-4mos-1,4,DAOM197198,Soil,No,Till,nofert-till,8.4,1
78,9,CC4-high-fert-4mos-9,4,CC4,Roots,High,NoTill,highfert-notill,9,1
35,2,CC4-no-fert-till-2mos-2,2,CC4,Soil,No,Till,nofert-till,9,1
78,9,CC4-high-fert-4mos-9,4,CC4,Soil,High,NoTill,highfert-notill,9,1
82,2,CC4-no-fert-till-4mos-2,4,CC4,Soil,No,Till,nofert-till,9,1
200,4,Cuba8-no-fert-till-2mos-4,2,Cuba8,Soil,No,Till,nofert-till,9.2,1
267,10,DAOM197198-no-fert-till-2mos-10,2,DAOM197198,Soil,No,Till,nofert-till,10,1
45,9,CC4-no-fert-till-4mos-9,4,CC4,Soil,No,Till,nofert-till,10,1
243,9,Cuba8-high-fert-4mos-9,4,Cuba8,Soil,High,NoTill,highfert-notill,10,1
240,6,Cuba8-no-fert-till-4mos-6,4,Cuba8,Soil,No,Till,nofert-till,10,1
312,10,DAOM197198-high-fert-till-4mos-10,4,DAOM197198,Soil,High,Till,highfert-till,10,1
270,9,DAOM197198-no-fert-2mos-9,2,DAOM197198,Soil,No,NoTill,nofert-notill,11,1
194,5,Cuba8-high-fert-till-2mos-5,2,Cuba8,Soil,High,Till,highfert-till,12,1
234,10,Cuba8-high-fert-till-4mos-10,4,Cuba8,Soil,High,Till,highfert-till,12,1
47,7,CC4-no-fert-till-4mos-7,4,CC4,Soil,No,Till,nofert-till,14,1
36,9,CC4-high-fert-2mos-9,2,CC4,Soil,High,NoTill,highfert-notill,15,1
32,10,CC4-no-fert-2mos-10,2,CC4,Soil,No,NoTill,nofert-notill,15,1
41,3,CC4-no-fert-2mos-3,2,CC4,Soil,No,NoTill,nofert-notill,15,1
269,8,DAOM197198-no-fert-till-2mos-8,2,DAOM197198,Soil,No,Till,nofert-till,16,1
193,10,Cuba8-high-fert-till-2mos-10,2,Cuba8,Soil,High,Till,highfert-till,17,1
237,2,Cuba8-no-fert-till-4mos-2,4,Cuba8,Soil,No,Till,nofert-till,21,1
298,8,DAOM197198-high-fert-4mos-8,4,DAOM197198,Soil,High,NoTill,highfert-notill,26,1
295,1,DAOM197198-no-fert-4mos-1,4,DAOM197198,Soil,No,NoTill,nofert-notill,28,1
290,8,DAOM197198-no-fert-till-4mos-8,4,DAOM197198,Soil,No,Till,nofert-till,28,1
3,8,CC4-no-fert-2mos-8,2,CC4,Soil,No,NoTill,nofert-notill,29,1
73,10,CC4-high-fert-till-4mos-10,4,CC4,Soil,High,Till,highfert-till,31,1
301,9,DAOM197198-high-fert-till-4mos-9,4,DAOM197198,Soil,High,Till,highfert-till,31,1
264,7,DAOM197198-no-fert-till-2mos-7,2,DAOM197198,Soil,No,Till,nofert-till,32,1
297,6,DAOM197198-no-fert-4mos-6,4,DAOM197198,Soil,No,NoTill,nofert-notill,32,1
306,6,DAOM197198-no-fert-till-4mos-6,4,DAOM197198,Soil,No,Till,nofert-till,33,1
9,6,CC4-high-fert-2mos-6,2,CC4,Soil,High,NoTill,highfert-notill,34,1
262,6,DAOM197198-high-fert-2mos-6,2,DAOM197198,Soil,High,NoTill,highfert-notill,34,1
254,2,DAOM197198-no-fert-2mos-2,2,DAOM197198,Soil,No,NoTill,nofert-notill,34,1
271,8,DAOM197198-high-fert-till-2mos-8,2,DAOM197198,Soil,High,Till,highfert-till,35,1
248,9,DAOM197198-no-fert-till-2mos-9,2,DAOM197198,Soil,No,Till,nofert-till,35,1
316,3,DAOM197198-no-fert-4mos-3,4,DAOM197198,Soil,No,NoTill,nofert-notill,35,1
275,3,DAOM197198-high-fert-till-2mos-3,2,DAOM197198,Soil,High,Till,highfert-till,36,1
279,9,DAOM197198-no-fert-4mos-9,4,DAOM197198,Soil,No,NoTill,nofert-notill,36,1
50,7,CC4-high-fert-till-4mos-7,4,CC4,Soil,High,Till,highfert-till,37,1
289,2,DAOM197198-high-fert-4mos-2,4,DAOM197198,Soil,High,NoTill,highfert-notill,37,1
296,4,DAOM197198-no-fert-4mos-4,4,DAOM197198,Soil,No,NoTill,nofert-notill,37,1
274,4,DAOM197198-high-fert-2mos-4,2,DAOM197198,Soil,High,NoTill,highfert-notill,38,1
260,3,DAOM197198-no-fert-till-2mos-3,2,DAOM197198,Soil,No,Till,nofert-till,38,1
283,1,DAOM197198-high-fert-4mos-1,4,DAOM197198,Soil,High,NoTill,highfert-notill,38,1
287,4,DAOM197198-high-fert-till-4mos-4,4,DAOM197198,Soil,High,Till,highfert-till,38,1
250,8,DAOM197198-no-fert-2mos-8,2,DAOM197198,Soil,No,NoTill,nofert-notill,39,1
231,6,Cuba8-high-fert-till-4mos-6,4,Cuba8,Soil,High,Till,highfert-till,39,1
253,5,DAOM197198-no-fert-till-2mos-5,2,DAOM197198,Soil,No,Till,nofert-till,40,1
268,4,DAOM197198-no-fert-2mos-4,2,DAOM197198,Soil,No,NoTill,nofert-notill,42,1
273,2,DAOM197198-no-fert-till-2mos-2,2,DAOM197198,Roots,No,Till,nofert-till,43,1
273,2,DAOM197198-no-fert-till-2mos-2,2,DAOM197198,Soil,No,Till,nofert-till,43,1
282,3,DAOM197198-high-fert-2mos-3,2,DAOM197198,Soil,High,NoTill,highfert-notill,44,1
242,1,DAOM197198-high-fert-till-2mos-1,2,DAOM197198,Soil,High,Till,highfert-till,44,1
308,4,DAOM197198-no-fert-till-4mos-4,4,DAOM197198,Soil,No,Till,nofert-till,44,1
255,7,DAOM197198-no-fert-2mos-7,2,DAOM197198,Soil,No,NoTill,nofert-notill,47,1
307,5,DAOM197198-no-fert-4mos-5,4,DAOM197198,Soil,No,NoTill,nofert-notill,49,1
2,1,CC4-no-fert-till-2mos-1,2,CC4,Soil,No,Till,nofert-till,69,1
256,4,DAOM197198-no-fert-till-2mos-4,2,DAOM197198,Soil,No,Till,nofert-till,72,1
26,1,CC4-no-fert-2mos-1,2,CC4,Soil,No,NoTill,nofert-notill,85,1
278,2,DAOM197198-no-fert-till-4mos-2,4,DAOM197198,Soil,No,Till,nofert-till,139,1
249,5,DAOM197198-high-fert-2mos-5,2,DAOM197198,Soil,High,NoTill,highfert-notill,158,1
239,2,DAOM197198-high-fert-till-2mos-2,2,DAOM197198,Soil,High,Till,highfert-till,162,1
52,8,CC4-no-fert-4mos-8,4,CC4,Soil,No,NoTill,nofert-notill,313,1
